id,first_name,last_name,weight,age
1,Ardelia,Digges,72,54
2,Caddric,Fairweather,255,70
3,Jillene,Dumbleton,299,24
4,Wain,Turrill,265,8
5,Ludwig,Lavis,228,14
6,Orlan,Vallerine,278,106
7,Manfred,Rubin,234,98
8,Jeanine,Punyer,57,71
9,Chilton,Fay,272,76
10,Gregoor,Hatto,281,77
11,Tatiana,Dollar,53,75
12,Sarine,Ciobutaro,264,91
13,Editha,Cosstick,147,39
14,Kip,Medmore,233,83
15,Sawyer,McTerry,170,105
16,Pincus,Metzig,142,74
17,Tyler,Goburn,279,14
18,Wilhelm,Antoni,293,109
19,Saul,Uvedale,212,33
20,Harry,Wahncke,291,22
21,Dane,Drohan,268,102
22,Elsi,Micka,93,33
23,Sascha,Dollin,192,20
24,Emyle,Gercke,260,97
25,Rana,Janicek,167,120
26,Lemuel,Biddle,225,19
27,Ranique,Cornelis,295,100
28,Letta,Veelers,266,31
29,Alikee,McQuaid,46,9
30,Aurel,Smeeton,300,64
31,Diann,Hardman,269,45
32,Pippa,Louder,203,48
33,Nani,Mc Coughan,227,54
34,Uriel,Faughey,191,27
35,Jannel,Sheehy,113,31
36,Silvana,Hopkyns,226,51
37,Olva,Wycliffe,90,74
38,Ugo,Antill,289,15
39,Karrie,Flaune,295,116
40,Brodie,Colt,246,38
41,Nanette,Hamson,213,57
42,Kassey,Brend,151,23
43,Rex,Andreia,73,103
44,Edwina,MacAlaster,65,63
45,Giorgia,Isselee,297,39
46,Mufi,Greenshiels,235,23
47,Dulci,Sharrocks,64,38
48,Harman,Flattman,49,36
49,Steffi,Caldwell,256,45
50,Ephrayim,Maryet,288,86
51,Sheelagh,Zienkiewicz,188,82
52,Andrei,Overton,139,47
53,Jaime,Radolf,298,65
54,Esdras,Elwill,202,43
55,Barde,Arney,280,5
56,Abramo,Klimkov,165,7
57,Sly,Thomel,66,102
58,Tildy,Oller,213,35
59,Rayshell,Sexti,118,31
60,Aurlie,Brack,177,89
61,Bax,Riddington,166,29
62,Carmel,Trippitt,209,95
63,Valdemar,Kagan,187,16
64,Darwin,Gaitung,82,45
65,Bel,Malser,229,98
66,Anastasia,Kynder,269,108
67,Beitris,Baile,252,118
68,Kendre,Dicks,53,32
69,Glenn,Iremonger,210,92
70,Lisabeth,Allebone,199,27
71,Joyce,Whitman,61,98
72,Carmina,Eagan,222,38
73,Zabrina,Marjoribanks,221,39
74,Gayleen,Rantoul,270,10
75,Gris,Mitkov,141,68
76,Micaela,Kealy,227,8
77,Louis,Woloschinski,63,16
78,Reggis,Walford,106,102
79,Arvin,Broxis,115,113
80,Moises,Escalera,57,76
81,Granny,Bearfoot,191,63
82,Koressa,Graith,243,18
83,Euphemia,Wolfe,262,64
84,Trumaine,Garret,265,37
85,Blinny,Clever,79,77
86,Merrie,Coils,276,120
87,Philly,Geaveny,279,86
88,Kristine,Boynes,133,50
89,Tabor,McVeighty,185,115
90,Eartha,Rayment,255,9
91,Lanette,Bellis,228,32
92,Gilli,Lifsey,105,81
93,Abby,Lundberg,188,93
94,Nani,Kewzick,101,60
95,Starlene,Maddyson,294,21
96,Juana,Meecher,257,25
97,Jens,Bagshaw,68,92
98,Stanley,De Carolis,116,99
99,Veronique,Astley,54,40
100,Lucine,Osmond,245,24
101,Ivie,Quantrell,201,26
102,Terry,Meatcher,124,65
103,Dougy,Lembcke,183,38
104,Jereme,Larvin,64,17
105,Duffy,Maberley,252,20
106,Parry,Baty,73,115
107,Gaby,Shay,247,58
108,Cob,Brandel,74,68
109,Frank,Dysert,199,8
110,Nan,Brozsset,291,108
111,Perceval,Dalmon,245,91
112,Robina,Lorentz,235,73
113,Gerda,Brannan,173,76
114,Andras,Shearstone,251,102
115,Broderick,Rowson,70,110
116,Lisetta,Linner,214,41
117,Dickie,Haily,58,94
118,Byron,Fadden,60,110
119,Jocelyn,O'Hanley,232,112
120,Marvin,Angier,251,84
121,Flore,Yersin,93,24
122,Ignace,Ducker,66,115
123,Whitney,Milland,255,83
124,Hans,Fibbens,181,112
125,Fax,Dickons,262,116
126,Raymond,Passion,285,69
127,Brant,Dohr,190,94
128,Adam,Sherwill,46,50
129,Wyndham,Tulley,52,75
130,Hilliary,Sokell,191,88
131,Juan,MacAllister,213,95
132,Bronson,Jobb,281,87
133,Maressa,Gauntley,207,101
134,Dorella,Kempton,297,68
135,Norina,Baglan,48,21
136,Sara-ann,Cheatle,93,106
137,Helaina,Tarplee,283,117
138,Gayle,Kern,204,96
139,Collete,Sowood,173,35
140,Fraze,Hardman,119,60
141,Melany,Fayter,64,94
142,Saunder,Danneil,121,99
143,Gerrilee,Fairchild,203,109
144,Dulsea,Guillard,214,94
145,Jordain,Bonds,268,63
146,Inglis,Czajkowski,256,84
147,Demetria,Morrice,221,114
148,Quinton,Kelberer,230,67
149,Erasmus,Middis,82,68
150,Burg,Coton,154,93
151,Erena,Stearndale,185,89
152,Babb,Dashper,203,107
153,Jolynn,Brunelli,166,93
154,Trixi,Quick,252,22
155,Coralyn,McGinnis,223,80
156,Lacy,Hemphrey,289,104
157,Westbrook,Levane,122,11
158,Wayland,Lazenby,242,59
159,Lind,Aizikovitz,75,20
160,Emlynne,Sumnall,220,94
161,Tadeas,Cufley,265,46
162,Peyter,Krysiak,102,18
163,Birgitta,Moehle,95,101
164,Quentin,Dawbery,76,24
165,Lemmy,Fessier,190,35
166,Salmon,Croyden,270,66
167,Kameko,Jaggli,296,25
168,Juieta,Rawcliffe,288,111
169,Den,Oene,116,52
170,Adelina,Oliveira,286,61
171,Leanor,Skeemor,205,42
172,Ganny,Powley,124,66
173,Garold,Castella,175,68
174,Olivia,Nossent,128,17
175,Mariam,Jolley,62,92
176,Hermine,Longmire,254,11
177,Camile,Butson,131,39
178,Mindy,Getcliff,226,104
179,Robbie,Emms,262,44
180,Lorrayne,McGivena,254,67
181,Carmon,Branigan,258,90
182,Claire,Zettoi,53,63
183,Darrin,Newns,60,94
184,Milt,Bigham,255,26
185,Nefen,Pennicott,90,110
186,Everard,Eatttok,178,11
187,Rosalie,Althorpe,58,21
188,Michaella,Stagg,50,10
189,Alisun,Puve,120,78
190,Shanna,Cheales,128,119
191,Bernelle,Josuweit,169,25
192,Charo,Kryszka,175,67
193,Gunar,Delahunty,142,28
194,Latashia,Addams,254,77
195,Colas,Weale,252,103
196,Marja,Cranshaw,146,109
197,Granthem,Strong,203,34
198,Nadeen,Delleschi,208,116
199,Margaretha,Pirrie,53,102
200,Yuma,Newby,215,43
201,Bev,Bicknell,268,6
202,Caldwell,Bolduc,232,97
203,Brittaney,Axby,110,62
204,Leda,Olivazzi,234,43
205,Denys,Zanetto,210,49
206,Terencio,Cours,63,5
207,Beulah,De Banke,136,45
208,Fiorenze,Cooper,114,118
209,Audi,Willbond,110,84
210,Farra,Adrianello,91,13
211,Kym,Narey,160,79
212,Dame,Bellson,82,118
213,Garnette,Sargerson,298,29
214,Melva,Aspinal,200,69
215,Robbie,Tansley,161,56
216,Marcelo,McCarl,260,110
217,Brendon,Bollini,74,35
218,Fredra,Storrs,131,55
219,Brand,De Bernardis,158,114
220,Yank,Loxston,60,70
221,Hulda,Critch,259,68
222,Garry,Goodbarne,274,44
223,Jamaal,Stallebrass,79,38
224,Derek,MacCrann,211,42
225,Chiquita,Scowcraft,205,44
226,Kalvin,Jossel,119,80
227,Drake,Sumsion,67,65
228,Theresina,Gowan,69,53
229,Hollie,Roots,72,34
230,Aprilette,Burniston,235,90
231,Aurel,Joannidi,89,58
232,Merl,Farlambe,95,119
233,Briny,Guare,81,55
234,Konstanze,Longhurst,233,5
235,Rosella,Marte,171,91
236,Marie-jeanne,Broxap,197,98
237,Bobina,Acheson,71,37
238,Alessandro,Matussevich,120,51
239,Tierney,Treher,272,52
240,Margette,Tuer,48,53
241,Louisa,Brough,82,92
242,Danell,Klimashevich,249,41
243,Yasmeen,Beards,184,72
244,Emmerich,Fader,243,19
245,Maddie,McDonald,190,12
246,Linoel,Hasselby,177,117
247,Olenka,Arp,222,90
248,Fielding,Learmont,54,43
249,Joachim,Luscott,129,36
250,Lonee,Darrington,176,73
251,Ethyl,Llewellen,216,115
252,Chiquia,Mewett,166,53
253,Walden,Corby,211,92
254,Ramsay,Matitiaho,188,15
255,Aileen,Boshell,223,32
256,Miguelita,Ends,105,81
257,Josy,Yeiles,279,12
258,Saunderson,Tooley,203,78
259,Ron,Chill,125,85
260,Susette,Bliben,110,10
261,Cyrillus,Cartmale,112,101
262,Sayres,Coathup,246,8
263,Windham,Mattimoe,271,33
264,Ernesta,Pennuzzi,232,38
265,Torie,Chipperfield,248,26
266,Brannon,Maypes,295,112
267,Lamond,Coronado,91,29
268,Wain,Petrolli,201,86
269,Lelah,Sizland,145,9
270,Ferrel,Edmunds,96,113
271,Arabella,Wardrop,179,38
272,Hermy,Mallabar,283,109
273,Aleda,Immins,112,31
274,Burnard,Scraggs,55,15
275,Frederick,Marcam,118,55
276,Lorie,Brambell,104,61
277,Hedy,Lembcke,87,69
278,Sibella,Helis,119,118
279,Eleanor,Carss,281,48
280,Van,Georg,186,111
281,Charo,Vasnetsov,182,35
282,Carroll,Janata,212,18
283,Alexander,Michelet,115,17
284,Lucretia,Rhodus,243,49
285,Kaylee,McInulty,266,72
286,Miner,Kingscott,277,13
287,Filbert,Perez,54,74
288,Grethel,Tincombe,189,51
289,Garreth,Bellwood,263,17
290,Ingmar,Lemonby,216,59
291,Anya,Alexis,205,116
292,Candie,Courtliff,210,23
293,Nap,Campaigne,169,27
294,Delores,Lewton,111,50
295,Jasmine,Sales,83,22
296,Burch,Hoofe,178,111
297,Luz,Pomphrey,70,67
298,Dannye,Vedenisov,159,110
299,Kim,Thombleson,54,107
300,Kaile,Hardern,293,27
301,Ugo,Hillaby,295,47
302,Filbert,Kimbell,112,10
303,Doralia,Oakinfold,167,72
304,Julieta,Degli Antoni,218,103
305,Kellyann,Eyres,87,103
306,Issi,Castagneto,66,83
307,Jarrod,Cicculini,281,85
308,Chris,Carde,262,16
309,Lishe,Lind,67,97
310,Ward,Giffaut,268,62
311,Willie,Kibard,176,97
312,Aloysius,Coarser,289,96
313,Davida,Betser,171,14
314,Erhart,Alwin,140,45
315,Carmelita,Bachellier,228,37
316,Vi,Durn,295,109
317,Ame,Marklin,276,102
318,Christian,Dundendale,170,74
319,Alberta,MacGray,157,106
320,Tiffi,Hendrickson,83,92
321,Bruce,Cheley,300,80
322,Alethea,Drewes,204,8
323,Laura,Denyukin,112,42
324,Baldwin,Burghall,271,56
325,Dulcine,Levay,46,48
326,Cody,Quantick,252,95
327,Adolphus,Huison,271,105
328,Ellissa,Wollaston,250,36
329,Roxie,Fibbens,232,19
330,Sander,Bristoe,228,100
331,Doralynne,Writer,59,83
332,Carmelina,Elvidge,100,103
333,Valerie,Tibb,74,50
334,Luciana,Burland,142,38
335,Mari,Kort,76,29
336,Dorey,Dumphries,191,43
337,Billi,Boissieux,105,109
338,Kirstyn,Karys,286,82
339,Moore,Kyne,93,115
340,Amabelle,Pracy,104,38
341,Gwen,Blesdill,71,18
342,Lynelle,Bartoletti,144,9
343,Skipper,Cheeke,131,16
344,Patrick,Keaysell,265,21
345,Beulah,Lambard,198,39
346,Briant,Morhall,174,58
347,Tommy,Risebrow,175,76
348,Tommy,Kilcullen,300,95
349,Lothaire,Forsdyke,223,56
350,Avril,Couser,290,58
351,Norby,Hayhurst,285,17
352,Tabbi,Frowde,70,90
353,Romola,McBrearty,286,27
354,Nert,Warby,59,49
355,Faina,Ruske,98,56
356,Rolando,Stopher,96,91
357,Jamesy,Wenderott,172,119
358,Nell,Pauletto,238,105
359,Zsa zsa,Ovendon,146,31
360,Nonah,Savell,261,67
361,Mollee,Tuck,147,13
362,Mathe,Tribell,285,108
363,Mirabel,Imlaw,146,36
364,Roarke,Curtiss,171,100
365,Gwyn,Parcells,225,31
366,Hyacintha,Cudworth,210,12
367,Rani,Caine,284,46
368,Dore,Cansdell,205,61
369,Sephira,Ciric,246,7
370,Mace,Gale,203,109
371,Xylia,Springtorp,240,47
372,Isak,Yearne,59,82
373,Nelie,Dockreay,66,113
374,Cybill,Royan,79,110
375,Fritz,Sorbey,144,13
376,Stavro,Camamill,169,15
377,Ciel,Chuter,275,61
378,Llewellyn,Thurske,126,68
379,Gerek,Jezzard,266,23
380,Enrica,Palle,99,45
381,Rianon,Renforth,265,55
382,Nickey,Shorland,55,99
383,Yancey,Cuniffe,102,18
384,Darcy,Dumbare,144,45
385,Marijo,Parkey,282,51
386,Aubrey,Durbridge,256,24
387,Berta,Roubeix,171,9
388,Killy,Sreenan,107,107
389,Vickie,Schwartz,73,69
390,Skip,Chick,169,78
391,Roshelle,Habben,281,27
392,Reinhold,Eefting,66,105
393,Daveta,MacConnulty,250,26
394,Milka,O'Flaverty,67,32
395,Abramo,Satch,107,20
396,Lorena,Diem,139,88
397,Claudetta,O'Hickee,69,45
398,Ole,Bain,57,81
399,Gayla,Dedam,201,97
400,Jerri,Joint,84,99
401,Marika,Chalker,272,92
402,Currey,Wyon,77,102
403,Selina,Apps,97,90
404,Analise,Jelkes,284,100
405,Si,Fromont,88,71
406,Katee,Legan,233,43
407,Fair,Dawidsohn,198,91
408,Jori,Cheeseman,90,117
409,Babbie,Bowden,132,50
410,Stafani,Hearnshaw,263,78
411,Suzy,Parris,46,41
412,Arleyne,Le Port,288,18
413,Tilda,Zanolli,134,62
414,Rikki,Radbourn,116,49
415,Shannah,Humber,145,97
416,Felic,Wolffers,222,100
417,Arlette,Gabbatiss,228,89
418,Wilhelmine,Hurley,205,13
419,Othello,Frigout,151,40
420,Lizbeth,MacAnellye,290,15
421,Fairfax,Lowdeane,271,24
422,Beale,Pavek,300,25
423,Kimball,Steagall,207,96
424,Glenda,Greenhowe,159,96
425,Jeanne,Danton,229,96
426,Arnuad,Temperton,48,49
427,Calida,McSpirron,96,99
428,Tonya,McKeon,74,108
429,Robin,Klimsch,190,103
430,Clarissa,Kasper,208,118
431,Viva,Coughtrey,124,51
432,Janessa,Prodrick,163,49
433,Winnie,Faircley,77,22
434,Abbott,Caddy,298,62
435,Damara,Fitzroy,95,68
436,Cal,Ubee,168,34
437,Simone,Bilsborrow,66,27
438,Carie,Checklin,137,97
439,Parrnell,Strelitz,289,55
440,Ilysa,Shilito,194,95
441,Geri,Mundie,79,37
442,Lory,Mapes,290,38
443,Eula,Christie,294,99
444,Packston,Kohnemann,159,26
445,Clari,Legier,74,43
446,John,Barber,59,42
447,Charmion,Kinig,152,89
448,Ozzy,Doghartie,46,32
449,Jefferey,Bagworth,196,71
450,Elijah,Dundredge,283,105
451,Nap,Coaten,107,42
452,Anabella,Maudlin,283,31
453,Hana,Haucke,222,12
454,Fin,Venturoli,213,90
455,Aloise,Morris,269,74
456,Trever,Playford,275,14
457,Teriann,Jeram,122,39
458,Veronica,Arnow,70,39
459,Lurette,Pannaman,73,61
460,Gallagher,Lambdean,280,14
461,Hailey,Walas,86,30
462,Ilse,Merredy,71,100
463,Dunc,Birkinshaw,223,86
464,Cad,Meachen,236,50
465,Caressa,Dugood,168,23
466,Sawyer,McMenemy,143,91
467,Mellisent,Dunaway,223,41
468,Davidde,Althorp,170,25
469,Flory,Dooland,122,116
470,Cirilo,Woolf,130,46
471,Jervis,Shimon,256,9
472,Monika,Jimes,284,13
473,Sheelah,Goodisson,247,50
474,Nigel,Corah,288,85
475,Mike,Timberlake,251,113
476,Reinhard,Sidsaff,60,16
477,Torrence,Gladdin,285,38
478,Curtice,Frichley,87,108
479,Dodie,Struthers,112,59
480,Olav,Willows,165,11
481,Enoch,Crady,218,24
482,Wallie,McKeran,262,115
483,Starr,Wainwright,181,9
484,Ivett,Ayscough,262,11
485,Annette,Gerrad,231,10
486,Katha,Widocks,139,102
487,Edita,Posselwhite,275,7
488,Stormy,Jiruca,203,14
489,Donia,Chastan,178,114
490,Selena,Lawtey,119,100
491,Billie,Rawstorn,47,109
492,Lona,Lindenfeld,108,96
493,Gerladina,Strachan,148,10
494,Lisbeth,Yabsley,74,115
495,Kelly,Itscowics,143,87
496,Xever,Lovel,189,37
497,Kirstin,Bartosinski,197,60
498,Giustina,Sokale,261,86
499,Orran,Ritchman,68,45
500,Sanders,Izatson,67,94
501,Seymour,Sharpus,144,45
502,Emelita,Pre,153,91
503,Shaine,Chesnay,92,64
504,Ava,McCarl,144,49
505,Cynthia,Redolfi,96,61
506,Austine,Cottis,188,46
507,Georas,Kiezler,238,19
508,Vivyanne,Kerswell,258,22
509,Pippa,Drance,265,5
510,Judye,Pendre,96,68
511,Buiron,Hollingby,122,69
512,Gideon,Hearthfield,165,72
513,Alaster,Salmon,147,74
514,Franzen,Caunt,283,29
515,Alex,Duesbury,220,14
516,Boris,Theobold,219,42
517,Deanna,Meeking,56,25
518,Tito,Phizackerly,145,51
519,Drew,Singleton,94,76
520,Hershel,Ridehalgh,130,53
521,Nannette,Le Leu,245,114
522,Maisey,MacRinn,82,19
523,Ahmad,Gilling,121,34
524,Rainer,Lampbrecht,189,24
525,Happy,Beckwith,278,73
526,Nicolais,Allwell,275,111
527,Booth,Cadle,255,38
528,Rafaelita,Mc Meekan,218,8
529,Meg,Bonsale,295,6
530,Kaspar,Kimm,163,81
531,Edward,Hablot,109,54
532,April,Conti,170,91
533,Britt,Mowne,118,30
534,Traver,Odegaard,103,76
535,Lyndel,Beauman,52,119
536,Dominga,Luttger,222,98
537,Henka,Meriott,144,72
538,Kissee,Spinage,135,23
539,Mavra,Scourfield,169,96
540,Vittoria,Maddick,177,11
541,Iggy,Durtnell,233,113
542,Rachel,Humberstone,94,20
543,Brendon,Seacombe,277,44
544,Cristobal,Stollsteiner,240,81
545,Janel,Berick,192,58
546,Brod,Tottie,130,39
547,Reginauld,Littlepage,101,116
548,Aylmer,Manthorpe,272,82
549,Ondrea,Duffit,193,79
550,Isacco,Harriss,106,51
551,Mick,McCurt,130,67
552,Phaedra,Chinnock,165,38
553,Teodoro,Heditch,192,23
554,Emory,Slaight,243,93
555,Ignacius,Kingwell,189,18
556,Alvira,Doumenc,126,36
557,Orlan,Robelet,247,101
558,Morgen,Aireton,224,102
559,Olympie,Halston,94,78
560,Eula,McCrone,55,95
561,Jenna,Geater,237,105
562,Janina,Menelaws,123,101
563,Babita,Borg,288,119
564,Ardyth,Sherwood,138,67
565,Kain,Brahms,131,120
566,Kelci,Savege,275,30
567,Elizabeth,Marvell,160,32
568,Blanch,Pietz,126,59
569,Reinald,Kleinhandler,293,44
570,Phillis,Bolesworth,141,120
571,Brant,Hardbattle,202,49
572,Orin,McAster,58,116
573,Byrle,Matiashvili,49,33
574,Niel,Yoxen,184,89
575,Magdalene,Tremblay,86,118
576,Seana,Zuanelli,282,24
577,Godiva,Duplain,224,5
578,Ivett,Gres,164,77
579,Lindi,Booy,284,52
580,Christiane,Fisher,284,96
581,Mair,Ranger,185,119
582,Sherlocke,Pickrill,222,118
583,Jeff,MacFadyen,188,33
584,Rhona,Siebart,296,107
585,Tomas,Udey,218,6
586,Jesse,Tummasutti,181,21
587,Addy,Kowalik,118,27
588,Christoforo,Prentice,259,22
589,Zebadiah,Yelland,259,90
590,Tally,Kenealy,234,73
591,Bone,Najera,121,54
592,Guy,Yewen,123,6
593,Doretta,Roycroft,166,99
594,Maryanne,Piell,116,18
595,Land,Linny,52,30
596,Auberon,Fullard,252,75
597,Robinet,Livsey,256,37
598,Ramonda,Kauble,110,5
599,Reinhold,Biggerstaff,181,22
600,Nita,Lamberton,236,88
601,Lissy,Heindrich,76,81
602,Hubey,Skittles,79,66
603,Pietrek,Cutmore,64,115
604,Elvyn,Athridge,157,63
605,Giffard,Archanbault,263,76
606,Emmalee,Joskowicz,107,11
607,Geoff,McWilliams,285,47
608,Adolf,Moralee,275,110
609,Yehudit,Pilger,123,75
610,Burnard,Chill,275,10
611,Windham,Aris,101,104
612,Claudia,Stawell,222,21
613,Fanchette,Whiteland,244,117
614,Yance,Etchell,272,63
615,Tobi,Boggers,46,118
616,Greta,Lynn,185,13
617,Goldie,Sandford,246,83
618,Haily,Sandison,138,17
619,Corbin,Reis,173,48
620,Blaire,Rowles,212,98
621,Erina,Rontsch,137,79
622,Gelya,Newlin,108,13
623,Melitta,Cooper,190,78
624,Wendy,Hutchcraft,138,8
625,Olympe,Shasnan,246,86
626,Dinny,Starzaker,247,9
627,Basil,Nourse,176,68
628,Parker,Ambrosi,153,99
629,Inger,Tombleson,258,53
630,Coralyn,Henricsson,191,81
631,Bar,Kulic,152,39
632,Bellina,Shoebridge,233,45
633,Sheilakathryn,Liffey,263,29
634,Dulcia,Baudet,283,75
635,Janna,Llopis,215,13
636,Joannes,Pizzey,210,78
637,Windham,Solesbury,147,29
638,Caroljean,Kitchenman,268,49
639,Calypso,Benezet,201,68
640,Ellyn,Long,278,32
641,Inglebert,Pittaway,82,69
642,Herschel,O' Ronan,146,76
643,Cointon,Simoneton,292,21
644,Clementina,Ewell,70,17
645,Magdalene,Brecknall,83,74
646,Morse,Erickssen,85,54
647,Bernie,Woodage,274,28
648,Bertha,Vasilyev,204,116
649,Micheil,Shardlow,139,67
650,Fawne,Mantha,292,115
651,Nomi,Gillhespy,278,95
652,Silvan,Pescud,160,80
653,Gonzalo,Fayerman,268,12
654,Maressa,Marritt,204,32
655,Zondra,Tarren,237,48
656,Page,Enstone,88,68
657,Winny,McGettrick,247,17
658,Claudio,Bogart,194,70
659,Sheri,Andryszczak,138,96
660,Margy,Snasdell,292,20
661,Gaston,Larmouth,211,79
662,Kiah,Meadowcroft,47,39
663,Nicolai,O'Coskerry,243,51
664,Baryram,Skechley,166,14
665,Jennilee,MacGee,234,26
666,Kristopher,Duchesne,182,96
667,Rodie,Dickman,52,21
668,Remus,O'Growgane,94,117
669,Cross,Mabley,269,13
670,Tiffany,Paolazzi,60,41
671,Lyle,Hoggin,68,99
672,Gordon,Mattosoff,60,120
673,Robbert,Sheryne,157,95
674,Cornie,Gourlie,225,97
675,Lyon,Bonfield,189,57
676,Brigit,Laurisch,219,10
677,Finlay,Ebbitt,115,11
678,Hulda,Veronique,225,88
679,Adi,Faloon,260,69
680,Karylin,Eburah,231,73
681,Bernelle,Haylock,285,110
682,Dulcinea,Neissen,253,115
683,Bobbe,Jardin,227,23
684,Rhona,Robbeke,203,76
685,Carie,Drohane,179,76
686,Sande,Edgars,101,68
687,Rosie,Bawdon,208,104
688,Codi,Ballsdon,220,27
689,Richmound,Baccas,103,48
690,Giovanni,Shovel,278,41
691,Tallulah,Tremblay,76,68
692,Hamil,Brookson,154,14
693,Fremont,Shotter,151,20
694,Reina,Timmins,182,93
695,Cori,Wisker,89,18
696,Drusi,Streets,293,70
697,Rog,Adds,251,11
698,Verene,Field,132,83
699,Ainsley,Featherbie,71,29
700,Michaelina,Mound,243,33
701,Daniella,Plumbridge,103,15
702,Kelcie,Stores,83,73
703,Lezlie,Tredinnick,244,37
704,Jaquenetta,Silvester,118,77
705,Karine,Vigne,137,49
706,Bevan,Bruyntjes,236,114
707,Kendell,Scurrell,105,107
708,Clevey,Dechelle,144,35
709,Weber,Summerside,228,10
710,Artemus,Matzel,137,45
711,Pat,Stoute,235,90
712,Carla,MacAloren,213,54
713,Shepherd,Strathern,188,30
714,Opalina,Gilroy,155,89
715,Phyllys,Pain,154,38
716,Calv,Dubose,134,28
717,Shirlee,Gyse,127,7
718,Gamaliel,Tilby,250,105
719,Finley,Roony,244,17
720,Dunc,Shard,216,84
721,Maggy,Costello,124,76
722,Gabrila,Brimilcombe,290,111
723,Ford,Slowgrove,186,68
724,Georgena,Creegan,209,23
725,Pasquale,Manon,187,12
726,Reuven,Dilleway,210,99
727,Teddie,Mycock,190,37
728,Abeu,Nerval,162,80
729,Randi,Vispo,184,50
730,Alameda,Feldhorn,275,117
731,Alvin,Patrie,48,11
732,Alphard,Cowlin,188,29
733,Alejoa,Winchester,240,58
734,Niel,Heinzler,268,40
735,Nollie,Blasgen,299,55
736,Ailyn,Peizer,158,84
737,Hildagarde,Wilfing,104,15
738,Cherrita,Lodemann,65,81
739,Andromache,Cleugher,96,90
740,Fancy,Dearle-Palser,291,84
741,Dulciana,Arp,212,120
742,Ardyce,Hintzer,169,45
743,Marjorie,Jouhandeau,221,10
744,Shae,Pattisson,168,69
745,Gilda,Sharram,110,16
746,Daphne,Kyme,260,50
747,Connie,Leveritt,288,33
748,Matthiew,Elsmere,247,70
749,Brook,Guiver,53,10
750,Padgett,Dellit,265,99
751,Gilles,Romain,182,87
752,Wilek,Bredgeland,106,11
753,Gordie,Steinham,294,74
754,Alvy,Blanking,284,79
755,Glennie,Wadhams,225,77
756,Jewel,Dugue,109,105
757,Cheston,Haggerston,232,7
758,Tedd,Stolte,76,45
759,Jordanna,Bolderoe,277,118
760,Corby,O'Lagen,242,46
761,Monti,McGinley,72,98
762,Eamon,Aleksandrikin,154,105
763,Kristopher,Scuffham,187,74
764,Morgan,Wintersgill,243,72
765,Evangelina,Steeden,45,75
766,Harp,Smye,200,107
767,Vikky,Waszczyk,177,46
768,Ceil,Gottelier,46,88
769,Dru,Eddolls,233,61
770,Patricio,Hasell,274,64
771,Darla,Extal,269,105
772,Corrina,Gambie,223,71
773,Anne-corinne,Glave,47,35
774,Jayme,Harkes,208,75
775,Wye,Zupa,255,14
776,Katherina,Trasler,107,109
777,Timmie,Thornewell,158,35
778,Nikolas,Pigram,279,63
779,Bruno,Scarf,145,70
780,Alikee,Ovise,101,30
781,Miquela,Gorger,254,11
782,Kaile,Maier,124,94
783,Bartram,Ledwich,231,97
784,Zia,Pyett,60,109
785,Natalina,Gordge,203,5
786,Renate,Elward,176,107
787,Kelbee,Gloves,271,84
788,Melany,Bernardi,148,56
789,Hillyer,Ughi,249,116
790,Vyky,Nadin,45,29
791,Hertha,Klauer,188,94
792,Tomkin,Date,90,100
793,Chrotoem,Kantor,204,78
794,Gracie,Tonnesen,149,29
795,Toni,Marnes,111,38
796,Jeffrey,Kiledal,277,21
797,Monti,Samwyse,266,11
798,Tore,Rolfe,77,66
799,Joseph,McKelvie,216,33
800,Marcus,Akram,59,119
801,Jocelyne,McGuinley,121,59
802,Cathrine,Raine,70,66
803,Kerwin,Ismirnioglou,242,48
804,Ambur,Munton,83,57
805,Eloisa,Sprankling,253,11
806,Malynda,Daily,254,116
807,Lane,Heersma,256,59
808,Claude,Adolphine,191,90
809,Mischa,Patry,86,67
810,Padget,Haith,197,14
811,Sibylle,McDavid,177,11
812,Johna,Jannequin,226,117
813,Rhona,Basnett,290,108
814,Abner,Pippin,98,99
815,Fidelity,Judkin,161,41
816,Joey,Berntssen,252,115
817,Lizzie,Bigglestone,131,101
818,Ali,Lewington,178,29
819,Winnifred,Iacovaccio,82,110
820,Hasheem,Molan,213,44
821,Myrilla,O'Nolan,81,116
822,Netti,Fitchet,174,71
823,Nyssa,Kretschmer,190,35
824,Lindi,Tripett,85,43
825,Nikaniki,Cuzen,173,79
826,Royce,Crowthe,71,56
827,Jeno,Caccavella,165,88
828,Edan,Gorgen,81,101
829,Rog,Finlry,88,21
830,Randolf,Gasson,161,104
831,Jayson,McNalley,63,78
832,Estella,Roseborough,134,16
833,Ashien,Le Port,53,88
834,Florry,Comberbeach,76,89
835,Georgena,Wheelan,224,117
836,Wileen,Parke,271,76
837,Riki,Catling,137,24
838,Damiano,Dransfield,66,31
839,Alexandro,Wilbud,85,68
840,Kacy,Dunkerk,134,86
841,Nalani,Wicher,154,31
842,Roberta,Twelve,253,52
843,Clair,Avramovitz,280,42
844,Rafaela,Pecha,293,35
845,Callida,Stichall,92,114
846,Darrel,Scamerden,75,58
847,Torie,Burth,122,65
848,Micki,Hynam,280,32
849,Terencio,Lorens,156,46
850,Kathy,Lutas,46,112
851,Kara-lynn,Barribal,174,38
852,Daffi,Le Barr,169,83
853,Washington,Aleksahkin,195,28
854,Mag,Quinnelly,215,115
855,Berget,Doldon,178,97
856,Lari,Rawlence,79,120
857,Griffith,Lomen,132,12
858,Foss,Sterricker,217,87
859,Davon,Warkup,83,63
860,Wenonah,Butterley,240,61
861,Yale,Ziems,78,90
862,Noelle,Lundbech,219,94
863,Duff,Clavey,145,108
864,Cati,Badland,157,90
865,Addy,Dalziel,169,106
866,Hinda,Oultram,186,67
867,Anitra,Folcarelli,245,88
868,Vincenz,Hacket,108,93
869,Abbey,Scini,65,44
870,Edmon,Musterd,209,79
871,Leese,Pitkaithly,75,45
872,Robin,O' Mullane,102,22
873,Krista,Bichard,256,56
874,Jedd,Gawen,177,56
875,Cassie,de Glanville,234,13
876,Ian,Brayford,143,115
877,Cal,Sego,195,77
878,Enos,O'Reilly,89,105
879,Fionna,Petrillo,287,43
880,Melanie,Seaton,215,42
881,Normand,Tesmond,91,38
882,Emmaline,McKeady,108,90
883,Tadio,Stapleton,198,113
884,Donnie,MacConchie,54,5
885,Nicol,Stanmore,137,26
886,Perri,Iggalden,245,87
887,Christel,Gettens,110,31
888,Charley,Nezey,136,61
889,Mercedes,Ballchin,208,117
890,Gorden,Guinness,158,57
891,Selby,Tinghill,180,114
892,Tori,Craister,139,103
893,Riki,Paynter,117,96
894,Ernestus,Eveleigh,124,25
895,Erl,Dallaghan,289,16
896,Ernest,De Caville,275,102
897,Everett,Charlon,217,39
898,Benedicta,Shillam,97,41
899,Twila,Gallamore,245,60
900,Terese,Breede,158,21
901,Lawry,Dowthwaite,269,119
902,Chris,Thoresbie,177,21
903,Nathanial,Dolligon,169,45
904,Rollie,Jouanny,179,92
905,Oralie,Sorton,179,29
906,Carlynn,Velasquez,210,61
907,Sigmund,Hemms,230,38
908,Bernita,Thorns,258,101
909,Ami,Bingle,143,104
910,Dosi,Madeley,278,48
911,Vivianna,Bonn,192,112
912,Oralla,Augustine,169,120
913,Martguerita,Vannet,268,80
914,Brandon,Fishpond,151,75
915,Tammy,Frazier,252,103
916,Daven,McCraw,129,25
917,Winne,Brigge,279,120
918,Maure,Ulyatt,179,93
919,Jo-ann,Sebyer,137,73
920,Gordan,Bartozzi,189,10
921,Amy,Seson,154,94
922,Issi,McLemon,259,15
923,Rosabelle,Anderson,262,41
924,Padgett,Tappin,204,8
925,Leesa,O'Neal,147,105
926,Elena,Senchenko,258,18
927,Lita,Grimmett,56,14
928,Laurie,Annes,118,15
929,Rancell,Borgesio,256,110
930,Gasparo,Offer,107,66
931,Lorin,Fargher,51,63
932,Inglis,Blaske,173,18
933,Arvie,Laugheran,293,91
934,Ly,Willmot,186,75
935,Aveline,Ryal,156,35
936,Rene,Kemball,118,7
937,Jeramey,Coddington,47,119
938,Douglass,Murphy,123,49
939,Miquela,McNish,150,32
940,Mareah,Wey,71,59
941,Tiphany,Stilgoe,278,114
942,Marjie,Lazare,201,91
943,Wendi,Casper,283,44
944,Kirsteni,Covotti,237,110
945,Grant,Churchill,62,117
946,Jase,Adnam,105,58
947,Corena,Luxmoore,53,96
948,Saunderson,Gillford,83,9
949,Sean,Clouston,107,8
950,Benji,Tarn,182,107
951,Charley,Hambidge,125,55
952,Nowell,Bern,219,72
953,Ella,Reyne,46,73
954,Neddy,Jarville,272,104
955,Bernarr,Wanstall,152,98
956,Duff,Passy,146,117
957,Shannon,Sehorsch,90,110
958,Winny,Phythian,60,64
959,Melania,Markl,131,8
960,Erika,Smeath,185,43
961,Gallagher,Wofenden,233,95
962,Debi,Dohmann,233,82
963,Evangelin,Baggot,272,18
964,Tanya,Peaseman,170,32
965,Maritsa,Larmouth,54,59
966,Nikolai,Gabbotts,85,94
967,Daren,Brea,287,59
968,Gill,Gruszecki,291,5
969,Brendin,Berick,263,21
970,Nyssa,Huygens,297,5
971,Ruthann,Veivers,140,90
972,Clareta,Varcoe,221,15
973,Marissa,de Chastelain,148,75
974,Inga,Redding,126,16
975,Sheba,McCudden,91,52
976,Katine,Braidman,236,53
977,Kirbie,Karleman,73,79
978,Gayel,Spaice,282,43
979,Rozanna,Lewin,145,65
980,Gipsy,Rattery,53,58
981,Jarrett,Snawden,186,48
982,Mollie,Truin,243,74
983,Josselyn,Aynold,56,113
984,Mavra,Jickells,210,96
985,Joannes,Clausen,287,104
986,Allissa,Hyde-Chambers,122,115
987,Shaw,Hasser,45,39
988,Marena,Barringer,145,14
989,Wilone,Bobasch,47,19
990,Brewster,Begley,152,106
991,Davine,McNirlin,178,60
992,Seana,Menlow,298,36
993,Cullie,Barratt,252,36
994,Helsa,Cyseley,205,113
995,Freeland,Habbeshaw,100,55
996,Pembroke,Pepperrall,139,72
997,Joannes,Terney,153,14
998,Bibi,Gerrels,226,33
999,Tine,Ettery,119,92
1000,Rozamond,Petroff,276,91
